id;screen_name;name;location;url;description;verified;follower;following;lists;likes;tweets;created;lang;bkg-image;profile-image
913123243275505664;vueconfus;VueConf.US;New Orleans, LA;https://t.co/fmv6Qgv0jh;The Official Vue.js Conference in the US, March 26-28 2018;False;372;31;9;14;37;2017-09-27 19:28:41;en;;http://pbs.twimg.com/profile_images/924855203215667200/qeTBLV6i_normal.jpg
912940545500205057;sipgateDevDays;sipgateDevDays;D√ºsseldorf, Deutschland;https://t.co/btHUGJmTgC;Die Konferenz von Entwicklern f√ºr Entwickler! Mit typischer sipgate-Wohlf√ºhlgarantie.;False;49;3;2;4;7;2017-09-27 07:22:42;de;http://abs.twimg.com/images/themes/theme1/bg.png;http://pbs.twimg.com/profile_images/912943595019292673/0dqm3dI9_normal.jpg
878679838243999749;TheAIConf;TheAIConf;San Francisco, CA;https://t.co/VcnteyIrV8;The latest artificial intelligence content from @OReillyMedia + updates on #TheAIConf, co-presented with @IntelNervana @IntelAI in SF & NY;False;1567;386;41;45;391;2017-06-24 18:22:53;en;http://abs.twimg.com/images/themes/theme1/bg.png;http://pbs.twimg.com/profile_images/880196339945975808/cKa8xxj0_normal.jpg
877081677255888896;jvmconference;jvmconference;K√∂ln, Deutschland;https://t.co/WBH1pFN6bA;27.-28. November 2018 in Cologne about the Java Virtual Machine and more;False;188;813;6;25;55;2017-06-20 08:32:22;de;;http://pbs.twimg.com/profile_images/877184066398945280/KKPle5kf_normal.jpg
867319166205931520;FrontierExpo;Frontier Expo 2017;London, England;https://t.co/bklxsSATql;Frontier Developments Expo 2017 - October 7th 2017;False;1939;8;5;114;92;2017-05-24 09:59:38;en;http://abs.twimg.com/images/themes/theme1/bg.png;http://pbs.twimg.com/profile_images/890166141741654016/Hdcc1Dur_normal.jpg
860427617136259072;jcon_conference;JCON;Duesseldorf, Germany;https://t.co/F5lPZvUuFv;24. - 26. Oktober 2017 - Die gro√üe Java Community Konferenz - Frei f√ºr alle Java User Group Mitglieder !;False;310;2975;14;41;193;2017-05-05 09:35:04;en;;http://pbs.twimg.com/profile_images/860428659659862016/nVYRFjFq_normal.jpg
851942096705662978;TheFrontConf;FrontConf;Munich;https://t.co/1qrqnQ9hSQ;The Frontend Conference;False;578;122;5;89;97;2017-04-11 23:36:38;en;http://abs.twimg.com/images/themes/theme1/bg.png;http://pbs.twimg.com/profile_images/922580323334017025/A8bSlHe6_normal.jpg
846858451171053569;jrubyconfuk;JRubyConf UK;United Kingdom;https://t.co/zzZ8MmqLhy;JRubyConf is coming to the UK in August 2017!;False;49;48;7;8;6;2017-03-28 22:56:03;en-gb;;http://pbs.twimg.com/profile_images/846865437757526018/OvYwdsD3_normal.jpg
827199837942714369;Devcom_conf;Devcom;K√∂ln, Deutschland;https://t.co/Q6ehc1KINc;Join #devcom2017 and be part of this great developer conference during gamescom 2017! 20-24 of August 2017 in Cologne! Follow us, share us, be part of devcom!;False;646;173;8;334;216;2017-02-02 16:59:44;de;;http://pbs.twimg.com/profile_images/879686267470008320/LEww283v_normal.jpg
816694473296068608;DevOpsGathering;DevOps Gathering;Bochum, Germany;https://t.co/tixpsRPfrp;Conference, February 19 - 21, 2018. Organized by @bee42solutions. All about #devops, #containers, #docker, #kubernetes, #security, #cloud üêù;False;373;149;17;2656;952;2017-01-04 17:15:10;de;http://abs.twimg.com/images/themes/theme1/bg.png;http://pbs.twimg.com/profile_images/819227753643917316/t8Q9I3Ui_normal.jpg
805810274460700672;React_Days;React Days;M√ºnchen, Bayern;https://t.co/kXW45oJXT7;19. - 21. M√§rz 2018 | M√ºnchen | Das gro√üe Trainingsevent f√ºr #React | Impressum: https://t.co/TG679d3KQR;False;67;30;4;4;119;2016-12-05 16:25:15;de;http://abs.twimg.com/images/themes/theme1/bg.png;http://pbs.twimg.com/profile_images/810458466397618176/xo7RhmjK_normal.jpg
795565432333864960;Blockchain_Expo;Blockchain Expo;United Kingdom;https://t.co/5dxf1Ui6u1;"#BlockchainExpo Event: London, 18-19 April; Amsterdam, 27-28 June; Santa Clara, 28-29 Nov. #Blockchain #ICO #Cryptocurrency #ethereum";False;5143;687;93;665;509;2016-11-07 09:55:54;en;http://abs.twimg.com/images/themes/theme1/bg.png;http://pbs.twimg.com/profile_images/876823164499759104/u1lf11_v_normal.jpg
781991934227259392;ngVikingsConf;ngVikings Conference;Copenhagen, Denmark;https://t.co/Wm8CQg1Hbi;The main @angular conference in the Nordics, 100% community-driven. Videos:  https://t.co/WSYq5mpDMR See you in 2018!;False;972;407;27;1354;658;2016-09-30 22:59:40;en;http://abs.twimg.com/images/themes/theme1/bg.png;http://pbs.twimg.com/profile_images/941588987386482689/iDa6kBsR_normal.jpg
757843073581715456;apisummit_de;API Summit;Berlin, Deutschland;https://t.co/UWVFUxeOvx;27. - 29. September 2017, Berlin | Das gro√üe Trainingsevent f√ºr Web #APIs mit #Java, #dotNET und #Nodejs | Impressum: https://t.co/x5w39sryqW;False;145;52;11;56;315;2016-07-26 07:40:43;de;http://abs.twimg.com/images/themes/theme1/bg.png;http://pbs.twimg.com/profile_images/836216763536769025/ZpdaSMv1_normal.jpg
757544634679693312;WestVisions;WestVisions;Duisburg, Deutschland;https://t.co/PRzTyXvKTY;Das #Event f√ºr die digitale Community im #Ruhrgebiet ‚Ä¢ N√§chster Termin: TBA 2018 im Landschaftspark Duisburg-Nord ‚Ä¢ Impressum: https://t.co/hyEICw4a1c;False;252;271;14;425;90;2016-07-25 11:54:50;de;http://abs.twimg.com/images/themes/theme1/bg.png;http://pbs.twimg.com/profile_images/839458436190470144/ifC25KAo_normal.jpg
749900827851104256;TNWNYC;TNW New York | #TNWNY üá∫üá∏;Manhattan, NY;https://t.co/oevHzzZKkE;TNW's invite-only event for the technology, communication & media industry | December 12th, 2017 | New York City | #TNWNY;True;988;140;38;479;656;2016-07-04 09:41:04;en;;http://pbs.twimg.com/profile_images/910127969221451776/WTXuRoSp_normal.jpg
740565784787816448;TopconfDE;Topconf Duesseldorf;D√ºsseldorf, Germany;https://t.co/myuWW4GVKs;"international #software #conference taking place on 4.-6. October 2017.  From experts for experts.
organised by @topconf";False;149;154;10;190;254;2016-06-08 15:26:56;en;http://abs.twimg.com/images/themes/theme1/bg.png;http://pbs.twimg.com/profile_images/741980494380818432/3gZel3hs_normal.jpg
717776981077561344;devopsdayskc;DevOpsDays KC;Kansas City, MO;https://t.co/TqLQT9z3Qz;"9/21/2017-9/22/2017 Uptown Theater https://t.co/KGDkE15f2T
Photo credit: https://t.co/JWSxFnk8u8";False;421;272;18;717;763;2016-04-06 18:12:22;en;;http://pbs.twimg.com/profile_images/727499868365705216/5ZKV-uU4_normal.jpg
713818257497559040;kubeconio;KubeCon;;https://t.co/S91sj9TPKr;The @Kubernetesio Community Conference, a @cloudnativefdn event.;False;5152;6;93;830;416;2016-03-26 20:01:49;en;;http://pbs.twimg.com/profile_images/913479133224562689/1qaWBIsw_normal.jpg
703260650626093056;DOES_EUR;#DOES18 London;London, England;https://t.co/innZ5yGgsO;We believe in helping leaders of large, complex organizations implement #DevOps principles and practices #DOES18;False;1138;618;130;7412;6579;2016-02-26 16:49:39;en;http://abs.twimg.com/images/themes/theme1/bg.png;http://pbs.twimg.com/profile_images/929233761601859584/IMHDetKd_normal.jpg
694679411346411520;jsconfis;JSConf Iceland;Reykjavik, Iceland;https://t.co/ospd7LjsxZ;An international two-day JavaScript conference. March 1-2 in Harpa, Reykjavik. https://t.co/ospd7LjsxZ;False;1256;9;66;901;550;2016-02-03 00:30:53;en;;http://pbs.twimg.com/profile_images/694684796690132992/Jgwre2V9_normal.png
4892578246;JSKongress;JS Kongress;Alte Kongresshalle, Munich;https://t.co/0FxxUJle7v;"...is the conference about the Future of JavaScript. For the JS community in Europe - from the JS community . 
November 13th - 14th, Munich, Germany";False;1683;2876;84;1694;1205;2016-02-09 17:29:56;en;http://pbs.twimg.com/profile_background_images/706829493407784960/GGrwM16w.jpg;http://pbs.twimg.com/profile_images/864177300673351680/3R8SoFTy_normal.jpg
4889684536;Gartner_SYM;Gartner Symposium;Orlando, FL;https://t.co/9abbuIHZkY;Gartner Symposium/ITxpo is the industry's largest and most important annual gathering of CIOs and senior IT leaders. #GartnerSYM;False;7400;2323;142;2918;2752;2016-02-08 20:11:11;en;;http://pbs.twimg.com/profile_images/884507890865909760/ZWVcwC_h_normal.jpg
4849130543;productownerbc;Product Owner Camp;;https://t.co/C6OdWAFLQO;Das Barcamp f√ºr Product Owner, PMs/REs und Stakeholder. 25./26.08. in Frankfurt im DB-Skydeck/Silberturm. Ticket & Infos: Webseite. Projekt der @mayflowergmbh;False;350;385;14;53;345;2016-01-26 10:06:48;de;http://abs.twimg.com/images/themes/theme1/bg.png;http://pbs.twimg.com/profile_images/694629599762849792/2pBHA7ct_normal.png
4835170563;s1p;SpringOne Platform;San Francisco, CA;https://t.co/gngCHbUnLx;Let's build amazing software together. December 4-7, 2017;False;3057;94;55;1780;829;2016-01-22 13:55:08;en;http://abs.twimg.com/images/themes/theme1/bg.png;http://pbs.twimg.com/profile_images/784119117343141888/H8olNB0X_normal.jpg
4457919621;DevOpsDaysLDN;DevOpsDays London;London, England;https://t.co/VJd3ZzeXc8;"DevOpsDays London 2017 will be the QEII Conference Centre on the 6th and 7th of September. Our theme is ""transforming the future together"".";False;1450;4988;48;132;943;2015-12-12 09:40:00;en;http://abs.twimg.com/images/themes/theme1/bg.png;http://pbs.twimg.com/profile_images/830874275305365505/QzDXRve6_normal.png
4330641676;Docker_Camp;DevOps Docker Camp;Deutschland;;"Das DevOps Docker Camp | Pr√§sentiert von der Entwickler Akademie
Impressum: https://t.co/RAFeDRT0Au";False;114;36;17;20;254;2015-11-30 16:21:01;de;http://abs.twimg.com/images/themes/theme1/bg.png;http://pbs.twimg.com/profile_images/671364005190049792/1mhXdKRk_normal.jpg
4292169014;disruptivelive;Disruptive;London, England;https://t.co/4tFVvIUc89;UK's only tech TV channel. Tech industry news, analysis, talk, events & shows streaming weekdays on Twitter. #DisruptiveLIVE  #IoT, #BigData, #AI, #Cloud.;False;8132;4875;291;2535;3025;2015-11-19 17:39:01;en;http://abs.twimg.com/images/themes/theme1/bg.png;http://pbs.twimg.com/profile_images/928235824323485696/4BZaHFSL_normal.jpg
4163273116;jaxdevops;JAX DevOps;April 9-12, 2018 I London;https://t.co/4sgIOhcAi2;The Conference for #ContinuousDelivery #Microservices #Docker & #Clouds;False;1297;3846;171;230;2526;2015-11-11 10:41:15;en;http://abs.twimg.com/images/themes/theme1/bg.png;http://pbs.twimg.com/profile_images/707989551793487875/ATQKrkYV_normal.jpg
4104953806;wcdgt;WCDGT;Frankfurt, Hessen;https://t.co/62n2u1GbIY;Official Twitter account for the World Class Digital Transformation conference series and think tank hosted by @managerematch.;False;5535;4692;256;27545;676;2015-11-03 13:45:58;en;http://abs.twimg.com/images/themes/theme1/bg.png;http://pbs.twimg.com/profile_images/664898956820881408/n2QXeuYY_normal.jpg
3959977216;abstractionscon;Abstractions;Pittsburgh, PA;https://t.co/LUoXffcAwF;A cross functional software conference by @codeandsupply. Abstractions will be back August 2018.;False;4814;221;118;887;2846;2015-10-14 23:00:54;en;http://abs.twimg.com/images/themes/theme1/bg.png;http://pbs.twimg.com/profile_images/675717693291421696/cs5ofuJr_normal.jpg
3748084936;MicroservSummit;Microservices Summit;Berlin, Deutschland;http://t.co/nJivZe0Dys;27. - 29. Septmeber 2017 | Das gro√üe Trainingsevent f√ºr #Microservices | Impressum: https://t.co/vyElOzJSaa;False;298;85;28;76;726;2015-09-23 09:31:45;de;http://abs.twimg.com/images/themes/theme1/bg.png;http://pbs.twimg.com/profile_images/836215465856876544/r5p7rAtK_normal.jpg
3410230857;devternity;üöÄ DevTernity;Riga, Latvia;http://t.co/zgjc19ZYlI;DevTernity is the premium-quality international software development conference in üá±üáª Riga, Latvia.;False;382;422;12;623;609;2015-08-09 12:40:01;en;http://pbs.twimg.com/profile_background_images/634812936070889476/XVV5m5_x.png;http://pbs.twimg.com/profile_images/900362712101859330/3RuYBCxW_normal.jpg
3391004140;ConLifecycleLon;Continuous Lifecycle;London, England;http://t.co/ziya9e4BS4;#CLL18 #Continuouslifecycle The #Devops, #ContinuousDelivery and #Containerization event. 15-18 May 2018;False;452;480;90;98;1796;2015-07-24 13:01:58;en;http://abs.twimg.com/images/themes/theme1/bg.png;http://pbs.twimg.com/profile_images/891915583889043457/RkKnC8Nm_normal.jpg
3328949777;SoftwArchSummit;Softw. Arch. Summit;M√ºnchen, Bayern;http://t.co/ugxFnDj0W7;Der n√§chste Software Architecture Summit findet vom 12. bis 14. M√§rz 2018 in M√ºnchen statt! Impressum: https://t.co/k1WOCEZju6;False;350;108;24;196;577;2015-06-16 08:09:54;de;http://abs.twimg.com/images/themes/theme1/bg.png;http://pbs.twimg.com/profile_images/910765317592436736/JdCcXwe9_normal.jpg
3307138813;KubeCon_;KubeCon;;https://t.co/3HO2UL6ser;The @Kubernetesio Community Conference, a @cloudnativefdn event.;False;6028;6;130;2340;1448;2015-08-05 16:20:00;en;http://abs.twimg.com/images/themes/theme1/bg.png;http://pbs.twimg.com/profile_images/913421906157592576/NmxUeefn_normal.jpg
3298518666;WikiDACH_org;WikiDACH;Mannheim, Baden-W√ºrttemberg;https://t.co/rkDrl8PJsH;Barcamp am 18./19. November 2017 zu Wikipedia, Mediawiki, Wikimedia Commons, Wikisource, Wikidata, Wikibooks, Wikivoyage etc. pp.;False;114;213;3;190;295;2015-07-27 20:19:26;de;http://abs.twimg.com/images/themes/theme1/bg.png;http://pbs.twimg.com/profile_images/625762701445206016/Wa8m-5rF_normal.png
3083829268;AngularConnect;AngularConnect;London;http://t.co/DvRxYxweHL;Europe's largest Angular conference ‚Ä¢ ExCeL, London ‚Ä¢ 7 & 8 Nov 2017;False;6880;251;173;1071;2060;2015-03-10 11:35:54;en-gb;http://pbs.twimg.com/profile_background_images/578927699806134272/Sw0AbyFL.png;http://pbs.twimg.com/profile_images/578876472875737088/mxduwMm2_normal.png
3065950817;hubconf;hub.berlin;Berlin;https://t.co/SycxTa1Ve0;Europe‚Äôs interactive business festival for digital movers and makers - Launching digital transformation into reality;False;6967;4124;153;253;1150;2015-03-02 10:31:11;de;http://abs.twimg.com/images/themes/theme1/bg.png;http://pbs.twimg.com/profile_images/574924523142705152/7oIbXJ2H_normal.png
3023155108;ReactAmsterdam;React Amsterdam;Amsterdam;https://t.co/eArkQOxoUl;#Reactjs Community behind #ReactAmsterdam Conference and Meetups around #NL;False;1991;521;78;840;1351;2015-02-07 12:14:52;en;http://abs.twimg.com/images/themes/theme1/bg.png;http://pbs.twimg.com/profile_images/784419046339084288/xf_5W0Q9_normal.jpg
3017872099;DOES_USA;DOES17 San Francisco;San Francisco, CA;https://t.co/innZ5yGgsO;We believe in helping leaders of large, complex organizations implement #DevOps principles and practices: #DOES17;False;3070;982;305;15997;13998;2015-02-12 23:47:47;en;http://abs.twimg.com/images/themes/theme1/bg.png;http://pbs.twimg.com/profile_images/890986703455793152/qofO3zcR_normal.jpg
2981154534;JekyllConf;JekyllConf;Global;https://t.co/xnne6RGjDi;The free, online global conference for all things Jekyll. Best practice, case studies and the future of #Jekyllrb | 7 May 2016;False;806;559;25;61;251;2015-01-14 01:05:36;en;http://abs.twimg.com/images/themes/theme1/bg.png;http://pbs.twimg.com/profile_images/583707922133196800/hPg7Kqqm_normal.png
2980633674;githubuniverse;GitHub Universe;San Francisco, CA;https://t.co/EGLKiCXTgc;San Francisco // October 10-12, 2017;False;3848;46;88;316;394;2015-01-13 21:43:27;en;http://abs.twimg.com/images/themes/theme1/bg.png;http://pbs.twimg.com/profile_images/907675205916487680/c8kbDIoM_normal.jpg
2975324465;jsconfbp;JSConf BP;Budapest;https://t.co/Lqq6cqxl7s;JSConf Budapest - 2017 October 26-27;False;1468;173;86;1079;1297;2015-01-12 21:03:12;en;http://pbs.twimg.com/profile_background_images/590141903510704128/IrT-5AX3.png;http://pbs.twimg.com/profile_images/644140192866136065/Q5O4KoLg_normal.png
2955717424;pyconcz;PyCon CZ;Prague, Czech Republic;https://t.co/qFQIDfLRts;8-10 June 2017;False;1052;1443;62;773;1517;2015-01-01 23:07:48;en;http://abs.twimg.com/images/themes/theme1/bg.png;http://pbs.twimg.com/profile_images/850302365307678720/KoXTSJaZ_normal.jpg
2929314495;devops_con;Devops Con;Berlin, Deutschland;http://t.co/QDeeCkJSNL;May 28 - 31, 2018 | The Conference for Continuous Delivery, Microservices, Docker, Clouds & Lean Business | Imprint: https://t.co/41mVuyJ8Pt;False;1289;338;156;996;1914;2014-12-18 10:55:05;de;http://abs.twimg.com/images/themes/theme1/bg.png;http://pbs.twimg.com/profile_images/935451464608157696/pRaFNQSp_normal.jpg
2889102706;devitconf;DEVit Web Conference;Thessaloniki, Greece;https://t.co/1IZkidVVsR;DEVit is a 360¬∞ Web Development Conference happening on May 20-21 2017 in Thessaloniki, Greece;False;861;518;44;815;850;2014-11-23 11:03:32;en;http://abs.twimg.com/images/themes/theme1/bg.png;http://pbs.twimg.com/profile_images/544754188341616640/sECmDJjf_normal.png
2887134689;ReactEurope;react-europe;Paris, France;https://t.co/hTPkFin2fl;The first European React.js & Native 2-day conference in Paris, France. Next edition will be on May 17-18, 2018. Official hashtag is #ReactEurope.;False;13544;215;346;2646;2189;2014-11-21 18:01:50;en;http://abs.twimg.com/images/themes/theme1/bg.png;http://pbs.twimg.com/profile_images/836568168403468289/Fah_2RcO_normal.jpg
2881121510;OReillySACon;SoftwareArchitecture;New York & London;http://t.co/rlw1EAc7eD;Coming to NY, February 25-28, 2018. Software Architect news, resources + training from @OReillyMedia. O'Reilly Software Architecture Conference #OReillySACon;False;6554;371;203;1194;2878;2014-10-28 18:47:51;en;http://abs.twimg.com/images/themes/theme1/bg.png;http://pbs.twimg.com/profile_images/885509606553698306/crnxmbgQ_normal.jpg
2863743586;scalaexchange;Scala eXchange London;London;https://t.co/gLm2TKTTSF;#ScalaX: Europe's largest annual #Scala conference. Dec 14th-15th, 2017 ‚ú®  Dec 16th: #ScalaX2gether Community Day;False;880;146;34;48;357;2014-11-06 11:47:40;en;http://abs.twimg.com/images/themes/theme1/bg.png;http://pbs.twimg.com/profile_images/934010546084630528/GOHsJ8J5_normal.jpg
2841883887;ngnlconf;NG-NL;Amsterdam;https://t.co/AL2IdL8YEb;The Angular conference in Amsterdam, The Netherlands.;False;895;147;38;406;452;2014-10-23 13:39:07;en;http://abs.twimg.com/images/themes/theme1/bg.png;http://pbs.twimg.com/profile_images/831794986689687553/s9s-sCW4_normal.jpg
2832071580;MS_Ignite;Microsoft Ignite;Orlando, FL;http://t.co/SlPDx0Tlc5;Microsoft Ignite is the one conference that's really every tech event. Bring your toughest challenges, greatest ambitions & passion for innovation. #MSIgnite;True;75892;21933;1105;3780;6411;2014-09-25 17:25:15;en;http://abs.twimg.com/images/themes/theme1/bg.png;http://pbs.twimg.com/profile_images/874740089171070976/OgsI0YcM_normal.jpg
2799935078;agileruhr;AGILE.RUHR;Essen, Germany;http://t.co/LVcJcEb8Sg;Dachorganisation f√ºr agile im Ruhrgebiet, https://t.co/gj9QT8ktsV camp, scrumtischessen. Orga: @bertholdb @markusingendahl @jgelfert;False;472;303;55;392;840;2014-09-09 13:40:30;en;http://abs.twimg.com/images/themes/theme1/bg.png;http://pbs.twimg.com/profile_images/559654175315750913/8CPD-pZH_normal.png
2676380228;dotSwift;dotSwift;Paris;https://t.co/ieF1ja3Ori;The European Swift Conference - 4th edition on January 29, 2018 in Paris - part of the @dotConferences series;False;1071;22;59;67;760;2014-07-24 09:46:35;en;http://abs.twimg.com/images/themes/theme1/bg.png;http://pbs.twimg.com/profile_images/659733027665403904/Ele2x90Z_normal.png
2607225000;containercamp;Container Camp;London-San Francisco-Sydney ;https://t.co/ehltyf9sbs;The world‚Äôs leading independent conference on container technology üá¶üá∫ Australia, May 2018| üá∫üá∏ USA, 2018| üá¨üáß UK, September 2018;False;2565;2044;199;4695;3415;2014-07-06 10:31:00;en;http://abs.twimg.com/images/themes/theme1/bg.png;http://pbs.twimg.com/profile_images/877900564490833926/zZHa_Zm__normal.jpg
2572734818;code_conf;CoDe Conferences;;https://t.co/nChar45tFL;Conferences, academies and meet-ups on #ContinuousDelivery and #DevOps in Scandinavia - We're building the community of Continuous Delivery users.;False;302;338;63;936;888;2014-06-17 11:24:41;en;http://abs.twimg.com/images/themes/theme1/bg.png;http://pbs.twimg.com/profile_images/811963046184833024/HCVa6viD_normal.jpg
2527496120;LondonSIGGRAPH;London ACM SIGGRAPH;London;http://t.co/kR7l9767pW;We‚Äôre the London ACM SIGGRAPH Chapter, a non-profit organisation. We host events for the Computer Graphics community in London.;False;1086;496;30;142;633;2014-05-27 13:42:01;en;http://abs.twimg.com/images/themes/theme1/bg.png;http://pbs.twimg.com/profile_images/621713909809082368/LSbzy1LT_normal.png
2510333484;CSVConference;CSVConf;Portland, OR;https://t.co/ylSKWQG5kT;a data conference that's not literally about CSV file format but rather what CSV represents to our community: data interoperability, hackability, simplicity,etc;False;1026;17;55;391;219;2014-05-20 13:03:06;en;http://abs.twimg.com/images/themes/theme1/bg.png;http://pbs.twimg.com/profile_images/859876313573752834/ZFPk-dPy_normal.jpg
2475521587;FullStackFest;Full Stack Fest;Barcelona;https://t.co/USplHDxMgd;A week-long full stack development conference with a focus on solving current problems with new & inspiring perspectives. Barcelona, 4-8 Sept 2017. By @codegram;False;2831;126;138;863;1744;2014-05-03 13:48:21;en;http://pbs.twimg.com/profile_background_images/555285329368735745/PjAGs_Ds.jpeg;http://pbs.twimg.com/profile_images/842703379373658115/yPCXe9KK_normal.jpg
2416277694;ngEurope;ngEurope;Paris, France;https://t.co/UblCejtVtR;The Original and Largest European Angular conference in Paris, France. Next edition coming February 1-2, 2018! https://t.co/UblCejtVtR;False;7237;143;194;617;915;2014-03-28 18:15:46;en;http://abs.twimg.com/images/themes/theme1/bg.png;http://pbs.twimg.com/profile_images/764579971859873793/dLAzB0sK_normal.jpg
2362979737;lambda_conf;LambdaConf;Boulder, CO;https://t.co/E6W2sRxtHv;An annual functional programming conference held in beautiful Boulder, Colorado. Scala, Haskell, F#, Rust, Elixir, PureScript, Racket, Clojure, Elm, Erlang.;False;8418;2075;247;3318;3980;2014-02-26 17:21:48;en;http://abs.twimg.com/images/themes/theme1/bg.png;http://pbs.twimg.com/profile_images/666824535555964929/0B9QzU77_normal.png
2359947662;DockerCon;DockerCon;San Francisco, CA;https://t.co/DlKr5yPY28;The official @Docker Conference #DockerCon 2018: June 12-14, in San Francisco, California;True;24722;844;545;3643;4679;2014-02-24 19:37:39;en;http://abs.twimg.com/images/themes/theme1/bg.png;http://pbs.twimg.com/profile_images/932773385507020800/Tfagmk9V_normal.jpg
2359707366;polyconfhq;PolyConf;World;https://t.co/NVBgLsyG68;A non-profit conference about software engineering;False;1498;223;76;531;1321;2014-02-24 16:03:22;en;http://abs.twimg.com/images/themes/theme14/bg.gif;http://pbs.twimg.com/profile_images/835588619683393536/hPYowX8r_normal.jpg
2342590440;bangbangcon;!!Con;NYC;https://t.co/XMgzdATlQQ;A conference of ten-minute talks about the joy, excitement, and surprise of computing!!  Est. 2014 in NYC.;False;2015;1;79;2285;1516;2014-02-13 21:18:37;en;http://pbs.twimg.com/profile_background_images/573741219743801344/VCUWUdj7.png;http://pbs.twimg.com/profile_images/833876828422934529/9KEV49nN_normal.jpg
2301963115;EventsLF;LF Events;;http://t.co/CsGtN142Bc;We hold events across the globe, with a strong focus on community, innovation, and advancing the latest technologies and developments via the Linux platform.;False;3384;467;122;57;8005;2014-01-20 20:08:14;en;http://abs.twimg.com/images/themes/theme1/bg.png;http://pbs.twimg.com/profile_images/425417806864068608/U78U1-6Q_normal.png
2231147510;DjangoConEurope;DjangoCon Europe;Heidelberg, Germany;https://t.co/WEmSBRnk9U;DjangoCon Europe, May 23-27th, 2018;False;2464;75;92;1216;2285;2013-12-05 08:24:14;en;http://abs.twimg.com/images/themes/theme1/bg.png;http://pbs.twimg.com/profile_images/922577505348935680/AwONGIQ4_normal.jpg
2201991409;CraftConf;Craft Conference;Budapest, Hungary, April 25-28;https://t.co/Cky5PDQJ57;Join Craft to learn which tools, methods, practices should be part of the toolbox of a modern developer/company, and to have a compass on new trends and topics.;False;3757;207;167;3526;1431;2013-11-18 21:12:34;en;http://abs.twimg.com/images/themes/theme1/bg.png;http://pbs.twimg.com/profile_images/378800000824012775/97bb1d972974a336814f088a932add3f_normal.png
1966769298;dotGoEu;dotGo;Paris;https://t.co/Ztb0ruB4OS;The European Go conference - 5th edition on March 25, 2019 in Paris - part of the @dotConferences series;False;3792;249;141;242;1691;2013-10-17 13:08:49;en;http://abs.twimg.com/images/themes/theme1/bg.png;http://pbs.twimg.com/profile_images/659732443155595264/ilNMgNyH_normal.png
1925032988;CppCon;CppCon;Bellevue, WA;https://t.co/A0oOdNoi0A;I am the conference for the entire C++ community.;False;9025;107;160;85;602;2013-10-01 23:58:02;en;http://abs.twimg.com/images/themes/theme1/bg.png;http://pbs.twimg.com/profile_images/644673216615596033/Kz8yz_JH_normal.png
1664710004;RejectJS;Reject.JS;Berlin, Germany;http://t.co/0OexBiUNCG;An annual community JavaScript conference in Berlin;False;1615;1;89;23;1189;2013-08-12 10:10:41;en;http://abs.twimg.com/images/themes/theme1/bg.png;http://pbs.twimg.com/profile_images/489055075478691840/Cmay9WGM_normal.png
1641434394;ngconf;ng-conf;Salt Lake City, Utah;http://t.co/NUDdUgHFjw;"ng-conf 2017
Grand America Hotel in Salt Lake City UT  - April 5th-7th, 2017 - The worlds best Angular Conference.";False;16959;315;437;1391;1386;2013-08-02 22:29:09;en;http://abs.twimg.com/images/themes/theme1/bg.png;http://pbs.twimg.com/profile_images/918859241015750656/XNYntX4-_normal.jpg
1596718267;redecentralize;Redecentralize;Everywhere;https://t.co/SElZpxPvw3;Find apps which are resilient, private and increase competition: https://t.co/seC8CetAcz Also: Conferences, local groups + founder interviews.;False;2744;1368;176;115;878;2013-07-15 20:30:44;en;http://abs.twimg.com/images/themes/theme7/bg.gif;http://pbs.twimg.com/profile_images/378800000281010351/61fde5ebed2e01aa7ab2fea2eaa4b27d_normal.png
1566598202;cfgmgmtcamp;Config Mgmt Camp;Gent, Belgium;http://t.co/Kre2zOe6Ra;Infracoders meet at Config Management Camp since February 2014;False;1696;36;75;69;1073;2013-07-03 20:11:26;en;http://abs.twimg.com/images/themes/theme1/bg.png;http://pbs.twimg.com/profile_images/378800000488799163/ea00eef8c505ead0baca283d1bb419ab_normal.png
1560719706;respawn_conf;respawn_gathering;Cologne;https://t.co/apcTYs2FAx;Respawn - Gathering of Game Developers 2017 - the annual gathering on eye level! Hashtag is #rsp17;False;802;315;21;469;282;2013-07-01 15:03:19;de;http://pbs.twimg.com/profile_background_images/378800000031937830/839b42c2e43addaac83d374c7d5a2725.jpeg;http://pbs.twimg.com/profile_images/876784043064537088/dCI6kGdc_normal.jpg
1433730475;CSSconfeu;CSSconf EU;Berlin, Germany;https://t.co/wYNnb0UWLx;CSSconf EU | June 1st 2018 | A conference dedicated to the designers & developers who love CSS. For the community, not for profit.;False;6793;371;310;2506;2790;2013-05-16 18:24:00;en;http://pbs.twimg.com/profile_background_images/467784203656908800/fTdYFnDk.png;http://pbs.twimg.com/profile_images/927643057532669958/Zh87sUjr_normal.jpg
1342752169;sddconf;SoftwareDesign&Dev;London, England;http://t.co/XkiaaULID3;Software Design & Development conferences take place in London in May and November, & feature in-depth sessions on key topics delivered by world-class speakers.;False;3466;865;121;410;2048;2013-04-10 19:58:33;en;http://pbs.twimg.com/profile_background_images/378800000081342583/3ec08c7829a11219a0bf3787925f0fe1.jpeg;http://pbs.twimg.com/profile_images/932680212277493760/2QJD5Avx_normal.jpg
1328680838;EmberFest;Ember Fest;Berlin, Germany;https://t.co/ME4N0mHaJZ;European Ember.js Conference in Berlin, Germany on October 12 & 13 2017 https://t.co/ME4N0mHaJZ;False;888;451;79;95;969;2013-04-05 08:16:27;en;http://abs.twimg.com/images/themes/theme1/bg.png;http://pbs.twimg.com/profile_images/890552738567815168/ZP4GJEdp_normal.jpg
1134350324;AndroidMakersFR;Android Makers;Paris (Le Beffroi de Montrouge);https://t.co/AhoCnVJhiC;The biggest #AndroidDev event in France ‚Ä¢ 23rd & 24th April, 2018 ‚Ä¢ Early bird and student tickets available! ‚Ä¢ Tweet with #AndroidMakers2;False;1478;449;53;681;1414;2013-01-30 15:09:54;fr;http://abs.twimg.com/images/themes/theme1/bg.png;http://pbs.twimg.com/profile_images/811602461773430785/0Es0Gy1J_normal.jpg
1130979133;coldfrontconf;ColdFront;Copenhagen, Denmark;https://t.co/g9mDXuhIbn;ColdFront is the front-end conference in Copenhagen. Sept. 5-6, 2017. Organized by @auchenberg and @indiedk;False;1167;1145;65;242;832;2013-01-29 12:54:32;en;http://abs.twimg.com/images/themes/theme1/bg.png;http://pbs.twimg.com/profile_images/943989972662550528/4cfGmkOb_normal.jpg
1126305662;jsunconf;JSUnconf;Hamburg, Germany;https://t.co/y5r0B4gnFG;JavaScript Unconference. 21.4./22.4.2018 in Hamburg, brought to you with üíú by @tu404, @chaupois, @robinson_k and @schubidu;False;2599;30;85;605;655;2013-01-27 21:49:29;en;http://abs.twimg.com/images/themes/theme1/bg.png;http://pbs.twimg.com/profile_images/378800000411493446/a77af5268278d2c7052d4625658e327d_normal.png
977376170;dotCSS;dotCSS;Paris;https://t.co/kOjVd6Fbtc;The largest CSS conference in Europe - 5th edition on November 8, 2018 in Paris - part of the @dotConferences series;False;1942;165;99;24;855;2012-11-29 01:50:15;en;http://abs.twimg.com/images/themes/theme1/bg.png;http://pbs.twimg.com/profile_images/659732196496928768/ByIcwqVt_normal.png
977372017;dotScale;dotScale;Paris;http://t.co/uN83tQeoV6;The European Tech Conference on Scalability - 6th edition on June 1, 2018 - part of the @dotConferences series;False;1603;992;87;146;1918;2012-11-29 01:42:03;en;http://abs.twimg.com/images/themes/theme1/bg.png;http://pbs.twimg.com/profile_images/659732730784129025/TlfVUxEl_normal.png
977359274;dotConferences;dotConferences;Paris;https://t.co/wFz5godE1w;"dotConferences is a series of technology events in Paris created by @sylvinus.

We want to bring an unheard-of, TED-like level of quality to tech conferences.";False;2333;78;114;123;1536;2012-11-29 01:38:02;en;http://abs.twimg.com/images/themes/theme1/bg.png;http://pbs.twimg.com/profile_images/669074519387082753/_ltq3jxR_normal.png
944567160;ParisSIGGRAPH;Paris ACM SIGGRAPH;Paris;http://t.co/IGM0NQXq;Chapitre fran√ßais d'ACM SIGGRAPH;False;409;275;22;165;353;2012-11-12 20:57:09;fr;http://abs.twimg.com/images/themes/theme1/bg.png;http://pbs.twimg.com/profile_images/2842035007/ef026221982ca4c46bff3f8f95be5649_normal.jpeg
907924568;OpenLabsAlbania;Open Labs Hackerspace;Tirana, Albania;https://t.co/1BXEn8qAPo;The first hackerspace in Albania dedicated to Free and Open Source Software, Privacy and the Commons. Proudly non-profit. Tweets in English.;False;1047;710;45;895;1245;2012-10-27 11:32:04;en;http://pbs.twimg.com/profile_background_images/537588957999935489/jM10Uv3K.jpeg;http://pbs.twimg.com/profile_images/878585016355311616/31Bx6t3S_normal.jpg
821106752;SoftwareQSTag;Software-QS-Tag;;http://t.co/IK3cvCPqji;The leading conference for software quality assurance and software testing in Germany! #qstag;False;1091;235;21;375;1643;2012-09-13 08:13:02;de;http://pbs.twimg.com/profile_background_images/433981794346479616/ruL4urWB.png;http://pbs.twimg.com/profile_images/459657540930764800/ao84LeLh_normal.jpeg
788957581;apistrat;APIStrat Conference;Portland, OR;https://t.co/Ml2KXAnhAq;APIStrat Portland - Oct. 31 - Nov 2, 2017.;False;4919;3885;219;402;2857;2012-08-29 09:36:46;en;http://abs.twimg.com/images/themes/theme1/bg.png;http://pbs.twimg.com/profile_images/2555236457/mkzxnlpxz7oqnpmj9a2s_normal.png
626731161;RuhrJS;RuhrJS;Bochum, Nordrhein-Westfalen;https://t.co/cBCtm5i52e;RuhrJS JavaScript conference, October, 14th and 15th. Slack: https://t.co/uKMMjjw9nG - fluffiest conference on the planet;False;675;100;30;461;754;2012-07-04 17:57:57;en;http://abs.twimg.com/images/themes/theme1/bg.png;http://pbs.twimg.com/profile_images/633655578108272641/GuajM-lf_normal.jpg
615120037;JRubyConfEU;JRubyConf EU;Berlin, Germany;http://t.co/rZ8fJhNncw;"JRubyConf's European Edition. July/August 2015 in Berlin.

Presented as part of @eurucamp 2015.";False;439;200;61;89;1148;2012-06-22 12:20:30;en;http://abs.twimg.com/images/themes/theme1/bg.png;http://pbs.twimg.com/profile_images/626078938096365568/z7rg0G99_normal.jpg
575229245;dotJS;dotJS;Paris, France;http://t.co/7BDif563OO;The largest JavaScript conference in Europe - 7th edition on November 9, 2018 in Paris - part of the @dotConferences series;False;4595;151;252;136;2186;2012-05-09 10:17:43;en;http://abs.twimg.com/images/themes/theme1/bg.png;http://pbs.twimg.com/profile_images/659731659852500993/Ezv9Xe_R_normal.png
571241517;AWSreInvent;AWS re:Invent;Las Vegas, NV;https://t.co/ObKdm6WUZb;The Official Twitter account for Amazon Web Services‚Äô global customer & partner conference: AWS re:Invent 2017!;False;60167;164;703;923;5865;2012-05-04 21:18:01;en;http://pbs.twimg.com/profile_background_images/477117586484641792/X32ogmw5.png;http://pbs.twimg.com/profile_images/877302367867109376/XUwGjN_E_normal.jpg
557933634;SaltStack;SaltStack;Salt Lake City;https://t.co/SHLa6Zfdml;Intelligent orchestration for the software-defined data center at scale | '14 InfoWorld Technology of the Year | '13 Gartner Cool Vendor in DevOps;False;9926;4584;404;2297;4115;2012-04-19 16:31:12;en;http://pbs.twimg.com/profile_background_images/575736803795148800/eW3ZLb45.png;http://pbs.twimg.com/profile_images/577940000693620736/-lag2uPT_normal.png
540586289;RedisConf;RedisConf;San Francisco, CA;https://t.co/u7g5oh0815;The largest gathering of Redis users and experts. Presented by @RedisLabs.    May 30 - June 1, 2017;False;1252;1006;31;92;677;2012-03-30 06:36:11;en;http://abs.twimg.com/images/themes/theme1/bg.png;http://pbs.twimg.com/profile_images/836309322153914368/jNglOPer_normal.jpg
531102473;TOABerlin;Tech Open Air;Berlin;https://t.co/pORcyoYnp1;The Interdisciplinary Technology Festival. Tech, Music, Art and Science in Berlin.  Come join us at #TOALA next week!;True;8916;433;352;6457;3401;2012-03-20 10:33:58;en;http://pbs.twimg.com/profile_background_images/803200562/53f6a67f8f9b66c06a1a9731fdf2eb5f.jpeg;http://pbs.twimg.com/profile_images/865592433027031040/-ncxP_ya_normal.jpg
526867353;NodeConfEU;NodeConf EU;Ireland;https://t.co/3z44jJK1WW;Dates for #NodeConfEU 2018 to be announced soon! üéâ;False;2885;1674;0;976;2347;2012-03-16 22:45:48;en;http://abs.twimg.com/images/themes/theme1/bg.png;http://pbs.twimg.com/profile_images/849181609844760576/38ODYD4y_normal.jpg
516875194;xoxo;XOXO;Portland, OR;https://t.co/PV9KXr9uXb;XOXO is an experimental festival for independent artists who work on the internet.;False;13412;3;515;47;1354;2012-03-06 20:45:25;en;http://pbs.twimg.com/profile_background_images/634326216/cwv5rltqkiu9f4par9z6.png;http://pbs.twimg.com/profile_images/883531581821829121/xJ16ds3f_normal.jpg
508894285;lxjs;LXJS;Lisbon, Portugal;http://t.co/D9F818zYyn;A 2-day not-for-profit by-the-community and for-the-community international conference about the New Worlds of JavaScript. Jun 27-28, 2014.;False;2007;297;137;495;2170;2012-02-29 14:24:14;en;http://abs.twimg.com/images/themes/theme1/bg.png;http://pbs.twimg.com/profile_images/447487081577594880/J9z30kmn_normal.png
429413279;Dent;Dent;Seattle, WA;https://t.co/GavHqdsRfa;"Dent creates and supports a community of entrepreneurs, executives, and creatives who are driven to ""put a dent in the universe.""üöÄ";False;1941;1106;75;536;1547;2011-12-05 23:09:40;en;http://abs.twimg.com/images/themes/theme1/bg.png;http://pbs.twimg.com/profile_images/2574018782/cwmycqxw7tni9uhw0a3b_normal.jpeg
403871494;mariadb;MariaDB Corporation;The Internet;http://t.co/WOqrXuJsgC;We are the company behind MariaDB, the fastest growing Open Source database.;True;30581;525;601;554;4683;2011-11-03 03:32:09;en;http://pbs.twimg.com/profile_background_images/378800000030296757/81f178115c9a5f27282da73d4547262b.png;http://pbs.twimg.com/profile_images/876953323743494144/Q_pbuiJf_normal.jpg
348897258;weCONECT;we.CONECT;Berlin;http://t.co/SExgkfP9pF;DISCOVER A NEW CONFERENCE CONCEPT http://t.co/k7PHOihVq2;False;791;1181;86;98;1024;2011-08-05 05:28:04;de;http://pbs.twimg.com/profile_background_images/849593540/3f6e0486f35d819fcaa38e2196959190.png;http://pbs.twimg.com/profile_images/1532636249/we.CONECT-Facebook2-180x120_normal.png
348762091;jenkinsconf;Jenkins World;San Francisco, CA;https://t.co/5eVvfdd9ha;Jenkins World - A conference governed by the community for the community. San Francisco, CA | August 30-31, 2017  #JenkinsWorld;False;2048;737;70;1858;1285;2011-08-04 23:36:35;en;http://abs.twimg.com/images/themes/theme1/bg.png;http://pbs.twimg.com/profile_images/844640651509731328/8LKY3omw_normal.jpg
337784453;copenhagenjs;copenhagenjs;Copenhagen, Denmark;http://t.co/jQxGqTSpbe;CopenhagenJS is a monthly meetup for webdesigners & front-end developers in and around Copenhagen.;False;1398;118;49;143;1271;2011-07-18 15:38:37;en;http://abs.twimg.com/images/themes/theme1/bg.png;http://pbs.twimg.com/profile_images/789095412867235840/GovL0WyM_normal.jpg
325979516;GR8ConfUS;GR8Conf US;Minneapolis, MN;http://t.co/tOMpWHPObs;;False;727;42;34;280;1054;2011-06-29 05:17:54;en;http://abs.twimg.com/images/themes/theme1/bg.png;http://pbs.twimg.com/profile_images/1790779684/gr8uslogo_normal.png
305186098;PuppetConf;PuppetConf 2017;San Francisco;https://t.co/TxMIc3Mnue;Puppet‚Äôs annual IT industry & user conference. PuppetConf 2017 is 10-12 October in San Francisco. #PuppetConf @puppetize;False;1946;79;79;925;2523;2011-05-25 19:55:29;en;http://pbs.twimg.com/profile_background_images/577879334712557568/cQpAV6gx.jpeg;http://pbs.twimg.com/profile_images/718060057275928576/qI5f7qbI_normal.jpg
282062353;ScotlandJS;Scotland JS;Edinburgh, Scotland;https://t.co/5kJPQ5yqAO;The Scottish JavaScript Conference in Edinburgh, July 19th and 20th 2018;False;2138;1993;175;1029;5221;2011-04-14 13:38:13;en;http://abs.twimg.com/images/themes/theme1/bg.png;http://pbs.twimg.com/profile_images/676013977290334208/SG8H7Cah_normal.png
277116212;greachconf;Greach;Madrid;http://t.co/tWOGJbTGyf;"The first Groovy conference in Madrid, Spain with 100% English talks. 2018
- March 15th: Workshops
- March 16th & 17th. Conference 
https://t.co/hE6rhAbO0a";False;922;554;53;394;1612;2011-04-04 18:42:02;en;http://abs.twimg.com/images/themes/theme15/bg.png;http://pbs.twimg.com/profile_images/378800000864084654/FzS7WbZP_normal.png
263762253;eurucamp;eurucamp;Berlin, Germany;http://t.co/ZvcdniMe05;european ruby camp;False;1491;856;89;797;4626;2011-03-10 17:58:15;en;http://pbs.twimg.com/profile_background_images/853739879/5dd3a12013711243284e6f573096f867.gif;http://pbs.twimg.com/profile_images/613438325337247744/V53YQHXK_normal.png
217234313;ccc;CCC Events;;https://t.co/KeN2BFjVjZ;Official Twitter account of CCC events;False;34417;31;698;1;653;2010-11-18 23:22:34;en;http://abs.twimg.com/images/themes/theme1/bg.png;http://pbs.twimg.com/profile_images/1234902293/fairydust_reasonably_small_normal.jpg
215145657;jsconfit;JS Italian Conf;Verona, Italy;http://t.co/sCXssgA8FR;The most used language, the most needed conference. The 1st Javascript conference in Italy. Verona May 10th and 11th 2017. https://t.co/sQq6rY1LPA;False;1907;540;149;404;1727;2010-11-13 03:19:16;it;http://abs.twimg.com/images/themes/theme1/bg.png;http://pbs.twimg.com/profile_images/801208684542103552/no0Qtio0_normal.jpg
205425101;PyConDE;PyCon DE;"Germany
";https://t.co/bTKfoQWRYA;PyCon Germany, October 25-27, 2017, Karlsruhe;False;1228;484;59;417;798;2010-10-20 21:25:39;de;http://pbs.twimg.com/profile_background_images/378800000014916469/5cb1550f340edba09db8360bccc3075b.png;http://pbs.twimg.com/profile_images/742709741890228224/lbiH9qgR_normal.jpg
204603526;seleniumconf;Selenium Conference;;https://t.co/9eS7MggvVX;Join @SeleniumHQ for a conference designed for Selenium testers ‚Ä¢ Chicago: Autumn 2018;False;5122;74;114;102;672;2010-10-19 02:06:06;en;http://abs.twimg.com/images/themes/theme1/bg.png;http://pbs.twimg.com/profile_images/851500216171868164/AKffBBex_normal.png
186033181;btconf;beyond tellerrand;;https://t.co/jJvywAMyNB;Events, Conferences & Workshops Design, technology, inspiration, the Web, and networking. https://t.co/1ydqXUxOKZ;True;6329;6;282;3891;6777;2010-09-02 12:41:01;en;http://pbs.twimg.com/profile_background_images/600325065909997568/6_jGkPlL.jpg;http://pbs.twimg.com/profile_images/930728855962255360/tzOehaP5_normal.jpg
184824226;Gartner_Events;Gartner Events;Stamford, CT;https://t.co/AyWv66woPs;View a full list of Gartner events around the world in 2017 here: https://t.co/EMgd6ERhZC. #GartnerSEC #GartnerTGI;False;7902;5515;311;4677;8500;2010-08-30 15:36:49;en;http://pbs.twimg.com/profile_background_images/142122129/TwitterBGEvents.jpg;http://pbs.twimg.com/profile_images/565904650595889153/wV8wR37J_normal.jpeg
184755258;NextLevel_Fest;Next Level Festival;9.‚Äì12. November / D√ºsseldorf;https://t.co/dLC6ZQOQxM;Next Level - Festival for Games vereint Fans und Fachleute der digitalen Spielekultur und bietet Input zu Games+Bildung+Kunst+Wirtschaft @kaaro_linka @LinScholz;False;838;690;35;948;1657;2010-08-30 12:05:06;de;http://abs.twimg.com/images/themes/theme1/bg.png;http://pbs.twimg.com/profile_images/884377776190615553/dw8JQMgr_normal.jpg
180262369;WSO2Con;WSO2Con;;http://t.co/vmVmh00pzy;Explore WSO2 products, connect with WSO2 experts & learn how Fortune 500 enterprises are using WSO2 middleware to become more connected.;False;1569;317;67;426;3020;2010-08-19 05:36:26;en;http://abs.twimg.com/images/themes/theme1/bg.png;http://pbs.twimg.com/profile_images/448341516306497536/e89QP8tG_normal.jpeg
169942861;lanyrd;Lanyrd;Everywhere;http://t.co/UAoHLM5y5A;Discover and get more out of professional events and conferences.;False;11346;1177;642;5128;923;2010-07-23 15:15:39;en;http://pbs.twimg.com/profile_background_images/137927504/twitter-bg.png;http://pbs.twimg.com/profile_images/3314581702/5ef9c00f35096a0951b2dad3f0ab7df2_normal.png
145599406;amsterdamjs;AmsterdamJS;Amsterdam, The Netherlands;https://t.co/HYPolp9z1r;The largest and longest-running #JavaScript community in town! Join our first conference on June 8 or see you around at one of our quarterly #js meetup events.;False;998;233;60;160;768;2010-05-19 10:57:33;en;http://abs.twimg.com/images/themes/theme12/bg.gif;http://pbs.twimg.com/profile_images/784422221993373696/nCu9lM25_normal.jpg
129789607;fronttrends;Front-Trends 2017;Warsaw;http://t.co/jVjFk58SqT;"Gather 'Round Ye Front-End Lovers! A Festival of Beerbits and Stories of HTML, JS, CSS, UX and Design Await!
‚Äì May 24-26, Warsaw, Poland";False;5742;758;300;290;2171;2010-04-05 12:01:58;en;http://pbs.twimg.com/profile_background_images/91564348/background.jpg;http://pbs.twimg.com/profile_images/798945532139995136/QB_KLK86_normal.jpg
128343266;munichjs;Munich JavaScript UG;Munich;https://t.co/9GoH1HAomU;JavaScript user group with monthly meetups in Munich. Organized by @netzzwerg and @mixn. The little sister of @JSKongress;False;1970;940;117;356;2106;2010-03-31 21:13:11;de;http://abs.twimg.com/images/themes/theme14/bg.gif;http://pbs.twimg.com/profile_images/849702116138508289/dJAtpzRr_normal.jpg
104156565;TDWI_EU;TDWI EUROPE;Cologne;https://t.co/TY9vTBb4Cn;TDWI bietet Praktikern in BI & DW eine berufliche Fort- & Weiterbildung & eine Plattform zum Erfahrungs- & Ideenaustausch. https://t.co/XSaLzADNwX;False;3830;3046;223;517;3211;2010-01-12 13:07:05;de;http://pbs.twimg.com/profile_background_images/433608841133965312/7TutUdpa.png;http://pbs.twimg.com/profile_images/878229073557901312/tuJZEihq_normal.jpg
102116452;campuspartyeu;Campus Party Europe;Utrecht, Nederland;https://t.co/aeORHZHO0X;The greatest tech experience in the world bringing together  young geeks in a festival of innovation, creativity, science, entrepreneurship & entertainment.;False;5667;4947;401;4681;8903;2010-01-05 17:33:14;en;http://pbs.twimg.com/profile_background_images/576536255363567618/_UEaumOw.png;http://pbs.twimg.com/profile_images/943779593793736704/qe1KAViH_normal.jpg
97226363;btdays;BT Days;7. - 9. Nov. 2016 | M√ºnchen;https://t.co/rX94lGB66A;Business Technology Days | IT Leadership & Lean Innovation | Impressum: http://t.co/rnwASMp4Ay;False;242;466;68;36;2888;2009-12-16 15:07:26;en;http://pbs.twimg.com/profile_background_images/532122775838674946/d85995Ox.jpeg;http://pbs.twimg.com/profile_images/723509013237747712/gIAX2m73_normal.jpg
81332124;AgileTD;Agile Testing Days;Berlin;http://t.co/kNQoUsDRND;The Agile Testing Days are the European conference for the worldwide professionals involved in the agile world. Impressum: http://t.co/OO6umFySLJ;False;6623;2680;373;6569;10418;2009-10-10 11:02:58;en;http://pbs.twimg.com/profile_background_images/438976509861060608/vzxSFVBV.png;http://pbs.twimg.com/profile_images/2758926506/f37bc67ddedb65dc7901223ee0298c36_normal.png
70664118;fscons;FSCONS;Gothenburg, Sweden;http://t.co/IvLkiWgKKG;/…õf.…õs.k…íns/ ‚Ä¢ a meeting place for social change, focused on the future of free software, free culture and a free society.;False;850;248;44;123;1902;2009-09-01 12:11:59;en;http://abs.twimg.com/images/themes/theme7/bg.gif;http://pbs.twimg.com/profile_images/2974977901/e17f9fa34c151a1bbec798e0d21c8ae8_normal.png
64462097;jsconfeu;JSConf EU;Berlin;https://t.co/4ryh21flu3;The labour-of-love conference for the JS community in Europe. https://t.co/LcGuu5G2rl | June 2-3, 2018;False;15826;227;785;445;5444;2009-08-10 17:40:34;en;http://abs.twimg.com/images/themes/theme2/bg.gif;http://pbs.twimg.com/profile_images/794375543261007872/TX4vJymw_normal.png
63578554;Devoxx;Devoxx;Devoxxland;;The Developers Community Conference is now available in Belgium, France, UK, Poland, Morocco and US and welcomes 12.000+ Devoxxians every year!;False;17729;205;555;11587;5244;2009-08-06 23:44:17;en;http://pbs.twimg.com/profile_background_images/378800000153661109/sbIDdLIK.jpeg;http://pbs.twimg.com/profile_images/920226621843558400/BHQZaCqw_normal.jpg
57046942;gamescom;gamescom;K√∂ln;https://t.co/OrcQZg5GST;gamescom - The Heart of Gaming;True;196007;994;901;5595;5578;2009-07-15 15:30:49;de;http://pbs.twimg.com/profile_background_images/23423341/bg_blockMain.jpg;http://pbs.twimg.com/profile_images/677069678292807680/nj081EAF_normal.jpg
54828884;wdc_conference;Web Developer Conf;M√ºnchen, Bayern;https://t.co/6jB6otD5KC;Konferenz & Workshops f√ºr Web-Entwickler. Single Page Apps, Frameworks, JavaScript. 16.-17. Okt 2018 #webdc18;False;426;180;37;8;754;2009-07-08 07:23:14;de;http://pbs.twimg.com/profile_background_images/709672492/d8dd71a5861efd80c4db6ea48ee913f7.jpeg;http://pbs.twimg.com/profile_images/928927552550395905/fN2e34PQ_normal.jpg
48627228;flosskosova;FLOSSK;Prishtina, Kosovo;http://t.co/J77xGpp0FB;Free/Libre Open Source Software Kosova - free and open software, culture and knowledge.;False;1987;922;47;145;921;2009-06-19 06:02:46;en;http://abs.twimg.com/images/themes/theme18/bg.gif;http://pbs.twimg.com/profile_images/774665780420042752/xFALzM25_normal.jpg
47678218;vansig;Vancouver SIGGRAPH;Vancouver, Canada;http://t.co/6VvB1QTjFv;Vancouver Chapter of the Special Interest Group for Computer Graphics of the ACM, serving those involved in the fields of computer graphics & interactive tech;False;2758;1188;124;43;2269;2009-06-16 17:09:26;en;http://pbs.twimg.com/profile_background_images/18371327/tile_brown.jpg;http://pbs.twimg.com/profile_images/265653837/logo_siggraph_normal.png
47313251;Jfokus;Jfokus;Stockholm;https://t.co/KFqEcDph6u;Jfokus is all about developers! Check out the conference: https://t.co/KFqEcDph6u;False;2785;262;134;282;2861;2009-06-15 11:27:30;sv;http://abs.twimg.com/images/themes/theme1/bg.png;http://pbs.twimg.com/profile_images/925654807498625025/uWP8mVlg_normal.jpg
43694040;AMazeFest;A MAZE.;Interstellar;https://t.co/qBrbVB05sp;A MAZE. is an international label for independent games, playful media & alternative dimensions. #AMaze2017;False;5720;1691;241;5873;6924;2009-05-31 14:26:05;en;http://pbs.twimg.com/profile_background_images/468744084836741120/CDV2Z3oR.png;http://pbs.twimg.com/profile_images/870627310579404802/wPPZvbWI_normal.jpg
43517981;droidcon;droidcon;20 droidcon events worldwide;http://t.co/5ufbAk0RlY;droidcon is a global developer conference series and a network focusing on the best of Android. ‚Äî [droidcon is a registered trademark of Mobile Seasons GmbH];False;6583;1506;334;77;5035;2009-05-30 11:55:21;en;http://pbs.twimg.com/profile_background_images/24976728/droid_twithint.gif;http://pbs.twimg.com/profile_images/328066023/droid_con150_normal.jpg
43338578;BASTAcon;BASTA!;Frankfurt am Main, Germany;http://t.co/ZSwlbdkQoJ;BASTA! - die Konferenz f√ºr .NET, Windows & Open Innovation | 19. - 22.02.2018                    https://t.co/ZSwlbd3fxb;False;1757;2675;216;511;6735;2009-05-29 14:26:00;de;http://pbs.twimg.com/profile_background_images/705788846793957376/97mubJUx.jpg;http://pbs.twimg.com/profile_images/914844802528743424/6BMxw7mK_normal.jpg
38159167;CloudExpoEurope;Cloud Expo Europe;London;http://t.co/qQlD58MYZ4;Official news and tweets from @CloudExpoEurope - The cloud event for business. 21st & 22nd March 2018, ExCeL, London;False;7141;2241;223;621;7833;2009-05-06 11:31:27;en;http://pbs.twimg.com/profile_background_images/365093496/cloud-twitter-bgd-2.jpg;http://pbs.twimg.com/profile_images/666908790390960129/aeDhWusr_normal.png
32310028;barcampruhr;barcamp.ruhr;Ruhrgebiet / Germany;http://t.co/35nSqtn7Y0;BarCampRuhr11 am 24.-25. M√§rz 2018 im Unperfekthaus in Essen. #bcruhr11 Organisiert von @bertholdb und @fernmuendlich;False;1434;735;130;312;1007;2009-04-17 04:41:31;de;http://abs.twimg.com/images/themes/theme1/bg.png;http://pbs.twimg.com/profile_images/545846420641558528/n1vAkssm_normal.png
31423172;JAXenter;JAXenter;Frankfurt;http://t.co/I85chDEeX3;Deluxe Content f√ºr IT-Profis: Software-Architekturen, Webentwicklung, Java, JVM, Eclipse, Android, Big Data, Cloud, Internet of Things.;False;5048;4959;449;213;21457;2009-04-15 14:45:00;de;http://pbs.twimg.com/profile_background_images/456743307872198657/E-SHHPdS.png;http://pbs.twimg.com/profile_images/611898374732795905/TjBkj0rm_normal.jpg
29157393;jaxcon;JAXCON;6 - 10 Nov, Munich;https://t.co/J3ldOTLqjs;europe's no. 1 conference series on enterprise technologies, agile methodologies & software architectures | https://t.co/gEwDyYXm8b;False;4483;3644;377;775;10772;2009-04-06 06:38:55;de;http://pbs.twimg.com/profile_background_images/677135138875019269/BePhjI6V.jpg;http://pbs.twimg.com/profile_images/930070766753808384/eYrQqKFK_normal.jpg
21794421;EclipseCon;EclipseCon;Register now!;https://t.co/Bo2YFgIABo;Annual Eclipse Events | North America, Germany, and France | Happening next: EclipseCon Europe 2017, October 24-26 in Ludwigsburg, Germany.;False;3519;332;198;1547;6991;2009-02-24 20:38:19;en;http://abs.twimg.com/images/themes/theme14/bg.gif;http://pbs.twimg.com/profile_images/879166139347107843/qx-G2si6_normal.jpg
20650558;nofluff;NFJS;Nationwide;http://t.co/qgnmOfdiXh;We bring the best minds in the Java/JVM space together to create world class training and conference experiences.;False;3148;92;195;57;1609;2009-02-12 03:11:13;en;http://abs.twimg.com/images/themes/theme15/bg.png;http://pbs.twimg.com/profile_images/3324264208/392c8e5c1ff78907556fad587801fc06_normal.png
20636884;devconnections;IT/Dev Connections;Worldwide;https://t.co/9GzZGsBdIx;IT/Dev Connections features more than 190 in-depth sessions across five different tracks, teaching developers, DevOps, & IT Pros the skills they need!;False;4538;1624;254;730;13169;2009-02-11 22:49:11;en;http://pbs.twimg.com/profile_background_images/433259326308769793/4S3Spfdt.png;http://pbs.twimg.com/profile_images/431794417716822016/MeMcUU6i_normal.png
20519953;cgc_keynote;CEBIT d!talk;Hannover, Germany;https://t.co/GoI7CQjfmH;CEBIT d!talk is the CEBIT‚Äôs conference on all aspects of the digital transformation (11 - 15 June 2018). Please follow @CEBIT.;False;4840;2290;168;282;2860;2009-02-10 15:33:57;en;http://pbs.twimg.com/profile_background_images/578616471263137792/OpJWOXTg.jpeg;http://pbs.twimg.com/profile_images/938328533520257024/W7Y_Ippn_normal.jpg
19586056;gr8conf;GR8Conf;Copenhagen, Denmark;http://t.co/fUM0EOu2QG;GR8Conf is a series of conference dedicated to the Groovy Ecosystem. Europe every year in week #22;False;2602;2331;146;290;2884;2009-01-27 10:41:46;en;http://pbs.twimg.com/profile_background_images/378800000120694270/4e56e4939f60926efae4f86a33560436.png;http://pbs.twimg.com/profile_images/466512494588989440/gqA_62UW_normal.png
19413393;E3;E3;Los Angeles, CA;http://t.co/lreEKXu9C1;The Official Electronic Entertainment Expo Twitter. Follow @TheESA for more E3 news and announcements.;True;1990367;579;6024;2193;6308;2009-01-23 20:54:04;en;http://pbs.twimg.com/profile_background_images/378800000178305175/0sYr6snP.png;http://pbs.twimg.com/profile_images/919910836898091008/juPMiRfg_normal.jpg
18854457;CloudExpo;CloudEXPO ¬Æ;Javits Center | Santa Clara CC;http://CloudComputingExpo.com;Javits Center, New York City, NY (June 5-7, 2018) Santa Clara Convention Center (Nov 6-8, 2018) Early Bird Tickets Here ‚ñ∏ https://t.co/jGalvTuMDJ;True;77044;90;4165;67753;156388;2009-01-11 02:17:22;en;http://pbs.twimg.com/profile_background_images/493845125257105408/E_W68M5T.jpeg;http://pbs.twimg.com/profile_images/936337037728219137/zZxPQ97F_normal.jpg
15962027;djangocon;DjangoCon;San Diego, CA USA;https://t.co/EmCQfhTRM6;"DjangoCon US, save the date: October 14 - 19, 2018 in San Diego, CA.

Looking for DjangoCon Europe? Try @DjangoConEurope!";False;9113;337;447;2293;2994;2008-08-23 22:34:18;en;http://pbs.twimg.com/profile_background_images/685943687/3f6f18d86d7e89c2ab003f26a8acb279.jpeg;http://pbs.twimg.com/profile_images/837039172951007232/MfpyaXp9_normal.jpg
15463097;RedHatEvents;Red Hat Events;;http://t.co/8uXYrvebiz;Updates from the Red Hat Events team. Find Red Hat at events near you!;False;17900;631;516;104;4901;2008-07-17 02:35:16;en;http://pbs.twimg.com/profile_background_images/598859058095882242/6BX4b9Rx.png;http://pbs.twimg.com/profile_images/476750379363745792/hmNVE5mv_normal.png
15428957;RedHatSummit;Red Hat Summit;San Francisco, CA;http://t.co/EOWPB1Bt6f;LEARN. NETWORK. EXPERIENCE OPEN SOURCE.  May 8-10, 2018;False;13066;861;424;242;5284;2008-07-14 16:55:57;en;http://pbs.twimg.com/profile_background_images/598858127065239552/AL4G-Kaq.png;http://pbs.twimg.com/profile_images/476750514667786241/VaQfBiWG_normal.png
15347534;oracleopenworld;oracleopenworld;San Francisco, CA;http://t.co/DimxamaTco;October 28 - November 1, 2018 | San Francisco  #oow18;True;64147;3432;1003;2006;5590;2008-07-07 23:00:56;en;http://pbs.twimg.com/profile_background_images/378800000055316679/d39b7da772abb66c7b821df18f673c59.jpeg;http://pbs.twimg.com/profile_images/880852343125704704/iQzlzs6G_normal.jpg
15290813;webexpo;WebExpo;Prague, Czech Republic;https://t.co/x7yq1ND98q;21.‚Äì22. 9. 2018 at Lucerna Palace in Prague, the web event of the year - 2 days, 70 speakers, 2000 attendees from online word;False;5392;1060;206;1149;4604;2008-07-01 18:59:39;cs;http://pbs.twimg.com/profile_background_images/609246967/king_pattern.png;http://pbs.twimg.com/profile_images/912669354793357313/gCBknmVu_normal.jpg
14992890;phpconference;phpconference;June 4 - 8, 2018 | Berlin;https://t.co/Jf693XJOle;PHPest PHPractices & PHPantastic PHPeople | Imprint: http://t.co/ZJBhOQx5Ti;False;3627;24;397;367;7919;2008-06-03 13:55:03;de;http://pbs.twimg.com/profile_background_images/527818462664486913/JJhqve6s.jpeg;http://pbs.twimg.com/profile_images/928210359189680128/mWSm1qWR_normal.jpg
14924965;defcon;DEF CON;Las Vegas, NV;https://t.co/j2CL5KzgxM;Hacking Conference;True;212997;3125;4155;1642;10326;2008-05-27 20:11:54;en;http://abs.twimg.com/images/themes/theme14/bg.gif;http://pbs.twimg.com/profile_images/794271957818580992/QJ06URkq_normal.jpg
14748460;euruko;EuRuKo;Budapest, Hungary;https://t.co/LLnsBzauY2;European Ruby Conference;False;3276;33;195;188;2310;2008-05-12 19:26:26;en;http://abs.twimg.com/images/themes/theme3/bg.gif;http://pbs.twimg.com/profile_images/687214675092746240/BN9zwHnK_normal.png
14278336;JavaOneConf;JavaOne Conference;San Francisco;http://t.co/Y9gzfgpRzj;Official Twitter account of JavaOne, the premier Java conference.  Save the date for #JavaOne 2018: October 28-November 1, San Francisco. Managed by @ypoirier;True;40041;2555;957;229;4725;2008-04-01 21:40:55;en;http://abs.twimg.com/images/themes/theme1/bg.png;http://pbs.twimg.com/profile_images/502500136862220288/qyWlLmhX_normal.png
14182110;confreaks;Confreaks, LLC;Oregon and Utah;https://t.co/rf2SJjCjU5;Expert recording services for conferences, seminars and workshops.;False;6054;716;267;73;5058;2008-03-20 03:58:54;en;http://abs.twimg.com/images/themes/theme9/bg.gif;http://pbs.twimg.com/profile_images/508193987417485312/4FaFrBga_normal.png
12947382;VMworld;VMworld;Las Vegas and Barcelona;https://t.co/MF8xWc4DQQ;Official account for #VMworld. Global Conference hosted by @VMware.;False;54581;397;858;2616;10971;2008-02-01 15:35:21;en;http://pbs.twimg.com/profile_background_images/867798076/16d3558d1714981a6e05b9a82492b099.jpeg;http://pbs.twimg.com/profile_images/916063411984670721/OpFUBu6o_normal.jpg
12122492;iowacodecamp;IowaCodeCamp;Iowa, USA;http://t.co/maCOW5O1Wz;Providing education, networking and speaker development opportunities for software developers in Iowa and throughout the Midwest.;False;1053;205;58;8;1168;2008-01-11 17:22:08;en;http://abs.twimg.com/images/themes/theme1/bg.png;http://pbs.twimg.com/profile_images/52604111/icc_logo_normal.jpg
10680142;fosdem;FOSDEM;Europe;http://t.co/oO9DXZQ84L;FOSDEM is a free and non-commercial event organized by the community, for the community.;False;9473;185;374;380;1330;2007-11-28 15:03:49;en;http://abs.twimg.com/images/themes/theme1/bg.png;http://pbs.twimg.com/profile_images/817394480517185538/shrAijm8_normal.jpg
10226092;siggraph;ACM SIGGRAPH;S2018=Vancouver SA2018=Tokyo;https://t.co/JetaGJFvZk;Official Twitter for @TheOfficialACM's Special Interest Group on Computer Graphics & Interactive Techniques + its conferences. #SIGGRAPH2018 #SIGGRAPHasia;True;31425;932;1411;2953;10557;2007-11-13 20:31:45;en;http://pbs.twimg.com/profile_background_images/544562458203938816/zzmcfQHJ.png;http://pbs.twimg.com/profile_images/916325968507219968/m0Oe2HMK_normal.jpg
9824472;republica;re:publica;Berlin, Germany;https://t.co/8qMLRninGo;Europe's most inspiring conference on internet and society. | See you in Berlin for #rp18 May 2-4th 2018 #PoP;False;93811;1415;1565;13667;10072;2007-10-31 14:13:18;en;http://pbs.twimg.com/profile_background_images/378800000115332652/bed77655b91ef74ed500b8e77dc1266b.jpeg;http://pbs.twimg.com/profile_images/932940080490139648/4bcyoGZc_normal.jpg
6183202;Stephan007;Stephan;Devoxxland;https://t.co/uNu8kDRT2F;Founder @Devoxx @Devoxx4kids and @BeJUG Co-founder @Voxxed @Playpass_EU Java Champion & JavaOne Rock Star.;False;7282;332;291;9082;6034;2007-05-20 18:36:38;en;http://pbs.twimg.com/profile_background_images/378800000153655408/XJSnoJgd.jpeg;http://pbs.twimg.com/profile_images/810114094057582592/3s7hVKuW_normal.jpg
5828702;webinale;webinale;04. Juni - 08. Juni 2018, Berlin;http://t.co/upNyX1n0i7;webinale | the holistic web conference | http://t.co/0lGohudrtS;False;3450;343;345;394;6985;2007-05-07 10:11:19;de;http://pbs.twimg.com/profile_background_images/478430522171854848/of1NPG2_.jpeg;http://pbs.twimg.com/profile_images/927505376718868481/3WBD3NBM_normal.jpg
5625972;eventbrite;Eventbrite;San Francisco, CA;https://t.co/RX0SA3i1aH;"The world's largest event technology platform, powering over 2 million events around the world each year. 

Need help? Tweet @EventbriteHelp

#LiveEventfully";True;262980;31523;3768;24348;29641;2007-04-29 07:04:09;en;http://pbs.twimg.com/profile_background_images/676045057/abaa01a12056b8aed6bb2660c2775ecf.jpeg;http://pbs.twimg.com/profile_images/943186579874598912/XgPJbVD__normal.jpg
3145811;cebit;CEBIT;Hannover - Germany;https://t.co/glXhkKpFti;"Channel & Newsfeed of CEBIT (11‚Äì15 June 2018) - Europe‚Äòs Leading Business Festival for
Innovation and Digitization #CEBIT18";True;24994;632;962;3630;22361;2007-04-01 18:48:01;de;http://pbs.twimg.com/profile_background_images/378800000095725388/d63f4ede6c9cdc7884a782bc797b8c2c.gif;http://pbs.twimg.com/profile_images/873177304259854337/WBjmwo78_normal.jpg
12497;simonw;Simon Willison;San Francisco, CA;https://t.co/wyNggeHZ8W;Co-creator Django, co-founder Lanyrd, now an engineering director @Eventbrite. Usually hanging out with @natbat and @cleopaws;True;15505;2240;1175;11434;11792;2006-11-15 13:18:50;en;http://pbs.twimg.com/profile_background_images/11392/twitter-bg.jpg;http://pbs.twimg.com/profile_images/378800000261649705/be9cc55e64014e6d7663c50d7cb9fc75_normal.jpeg
